174, 97, 99, 95, 197, 108, 196, 198, 112, 114
120, 123, 73, 74, 130, 199, 200, 202, 201, 76
122, 123, 120, 74, 142, 130, 143, 203, 201, 202
147, 121, 146, 145, 205, 204, 159, 155, 206, 158
95, 98, 99, 46, 118, 103, 114, 208, 207, 209
172, 124, 123, 120, 211, 127, 210, 212, 131, 130
95, 72, 97, 96, 214, 213, 112, 110, 215, 111
95, 98, 148, 96, 118, 216, 217, 110, 119, 218
149, 145, 148, 96, 157, 166, 165, 220, 219, 218
36, 99, 173, 174, 107, 221, 175, 176, 196, 177
149, 148, 33, 96, 165, 167, 168, 220, 218, 117
36, 97, 99, 174, 105, 108, 107, 176, 197, 196
42, 172, 171, 124, 185, 187, 186, 125, 211, 222
46, 98, 99, 9, 207, 103, 209, 50, 101, 102
42, 124, 123, 172, 125, 127, 126, 185, 211, 210
12, 48, 46, 148, 55, 57, 56, 150, 223, 224
147, 146, 121, 39, 159, 204, 205, 161, 162, 138
39, 122, 121, 147, 136, 139, 138, 161, 225, 205
27, 123, 122, 74, 144, 142, 141, 78, 201, 203
27, 73, 123, 74, 79, 199, 144, 78, 76, 201
96, 72, 21, 71, 215, 90, 113, 226, 89, 91
9, 46, 47, 99, 50, 53, 52, 102, 209, 227
48, 146, 148, 12, 228, 153, 223, 55, 152, 150
21, 97, 72, 96, 109, 213, 90, 113, 111, 215
33, 148, 98, 96, 167, 216, 115, 117, 218, 119
47, 173, 99, 195, 229, 221, 227, 231, 230, 232
171, 49, 124, 195, 234, 233, 222, 236, 235, 237
4, 124, 49, 15, 128, 233, 69, 17, 132, 63
1, 46, 148, 12, 51, 224, 151, 13, 56, 150
146, 12, 48, 3, 152, 55, 228, 154, 14, 58
18, 47, 173, 2, 68, 229, 194, 19, 54, 190
3, 48, 121, 15, 58, 238, 140, 16, 62, 135
2, 47, 99, 9, 54, 227, 104, 11, 52, 102
39, 122, 147, 7, 136, 225, 161, 41, 137, 160
2, 99, 173, 36, 104, 221, 190, 37, 107, 175
171, 4, 49, 18, 189, 69, 234, 193, 20, 67
96, 21, 5, 71, 113, 22, 116, 226, 91, 94
1, 98, 46, 9, 100, 207, 51, 10, 101, 50
174, 36, 97, 6, 176, 105, 197, 180, 38, 106
171, 124, 4, 42, 222, 128, 189, 186, 125, 43
5, 149, 33, 96, 169, 168, 35, 116, 220, 117
72, 6, 97, 21, 92, 106, 213, 90, 23, 109
30, 8, 73, 172, 32, 93, 86, 184, 188, 239
72, 174, 6, 30, 240, 180, 92, 87, 183, 31
123, 8, 42, 172, 129, 44, 126, 210, 188, 185
123, 8, 73, 27, 129, 93, 199, 144, 29, 79
74, 147, 7, 24, 241, 160, 84, 81, 163, 26
1, 148, 98, 33, 151, 216, 100, 34, 167, 115
3, 121, 146, 39, 140, 204, 154, 40, 138, 162
7, 27, 122, 74, 28, 141, 137, 84, 78, 203
5, 24, 149, 71, 25, 164, 169, 94, 80, 242
121, 146, 48, 3, 204, 228, 238, 140, 154, 58
4, 49, 124, 171, 69, 233, 128, 189, 234, 222
47, 99, 173, 2, 227, 221, 229, 54, 104, 190
7, 122, 147, 74, 137, 225, 160, 84, 203, 241
6, 97, 174, 72, 106, 197, 180, 92, 213, 240
123, 73, 8, 172, 199, 93, 129, 210, 239, 188
96, 5, 149, 71, 116, 169, 220, 226, 94, 242
148, 98, 46, 1, 216, 207, 224, 151, 100, 51
96, 195, 148, 95, 244, 243, 218, 110, 245, 217
148, 195, 96, 145, 243, 244, 218, 166, 246, 219
74, 195, 71, 70, 248, 247, 82, 75, 249, 83
46, 195, 99, 95, 250, 232, 209, 208, 245, 114
174, 195, 173, 170, 251, 230, 177, 178, 252, 179
172, 195, 124, 120, 253, 237, 211, 212, 254, 131
74, 195, 73, 120, 248, 255, 76, 202, 254, 200
73, 195, 74, 70, 255, 248, 76, 77, 249, 75
72, 71, 195, 70, 89, 247, 256, 88, 83, 249
46, 148, 95, 98, 224, 217, 208, 207, 216, 118
95, 148, 46, 195, 217, 224, 208, 245, 243, 250
121, 124, 195, 120, 133, 237, 257, 134, 131, 254
47, 49, 195, 45, 65, 235, 231, 66, 61, 258
46, 47, 195, 45, 53, 231, 250, 64, 66, 258
47, 46, 195, 99, 53, 250, 231, 227, 209, 232
48, 121, 145, 146, 238, 206, 259, 228, 204, 158
145, 121, 48, 195, 206, 238, 259, 246, 257, 260
148, 48, 145, 146, 223, 259, 166, 153, 228, 158
145, 48, 148, 195, 259, 223, 166, 246, 260, 243
48, 195, 46, 148, 260, 250, 57, 223, 243, 224
46, 195, 48, 45, 250, 260, 57, 64, 258, 60
49, 48, 195, 45, 59, 260, 235, 61, 60, 258
73, 120, 172, 123, 200, 212, 239, 199, 130, 210
172, 120, 73, 195, 212, 200, 239, 253, 254, 255
172, 195, 174, 170, 253, 251, 181, 182, 252, 178
171, 173, 195, 170, 191, 230, 236, 192, 179, 252
172, 195, 171, 124, 253, 236, 187, 211, 237, 222
171, 195, 172, 170, 236, 253, 187, 192, 252, 182
174, 195, 99, 173, 251, 232, 196, 177, 230, 221
99, 195, 174, 95, 232, 251, 196, 114, 245, 198
96, 145, 71, 149, 219, 261, 226, 220, 157, 242
71, 145, 96, 195, 261, 219, 226, 247, 246, 244
72, 195, 96, 95, 256, 244, 215, 214, 245, 110
96, 195, 72, 71, 244, 256, 215, 226, 247, 89
72, 195, 73, 70, 256, 255, 85, 88, 249, 77
174, 95, 72, 97, 198, 214, 240, 197, 112, 213
72, 95, 174, 195, 214, 198, 240, 256, 245, 251
147, 120, 74, 122, 262, 202, 241, 225, 143, 203
121, 120, 147, 122, 134, 262, 205, 139, 143, 225
147, 71, 145, 149, 263, 261, 155, 156, 242, 157
24, 147, 71, 74, 163, 263, 80, 81, 241, 82
147, 24, 71, 149, 163, 80, 263, 156, 164, 242
195, 49, 15, 48, 235, 63, 264, 260, 59, 62
49, 195, 15, 124, 235, 264, 63, 233, 237, 132
195, 15, 121, 48, 264, 135, 257, 260, 62, 238
15, 195, 121, 124, 264, 257, 135, 132, 237, 133
195, 172, 30, 73, 253, 184, 265, 255, 239, 86
30, 172, 195, 174, 184, 253, 265, 183, 181, 251
72, 195, 30, 73, 256, 265, 87, 85, 255, 86
30, 195, 72, 174, 265, 256, 87, 183, 251, 240
195, 18, 47, 173, 266, 68, 231, 230, 194, 229
47, 18, 195, 49, 68, 266, 231, 65, 67, 235
195, 171, 18, 173, 236, 193, 266, 230, 191, 194
18, 171, 195, 49, 193, 236, 266, 67, 234, 235
195, 147, 71, 145, 267, 263, 247, 246, 155, 261
147, 195, 71, 74, 267, 247, 263, 241, 248, 82
147, 120, 195, 74, 262, 254, 267, 241, 202, 248
147, 121, 195, 120, 205, 257, 267, 262, 134, 254
121, 147, 195, 145, 205, 267, 257, 206, 155, 246
